full_name,nickname,hashtag
加藤史帆,かとし,#shihoblog
齊藤京子,きょんこ,#kyonkoblog
佐々木久美,くみてん,#kumiblog
佐々木美玲,みーぱん,#mireiblog
高瀬愛奈,まなふぃ,#manablog
高本彩花,おたけ,#ayakablog
東村芽依,めいめい,#meiblog
金村美玖,みくちゃん,#mikublog
河田陽菜,ひなちゃん,#hinablog
小坂菜緒,こさかな,#naoblog
富田鈴花,すーじー,#suzukablog
丹生明里,にぶちゃん,#akariblog
濱岸ひより,ひよたん,#hiyoriblog
松田好花,このちゃん,#konokablog
上村ひなの,ひなのちゃん,#hinanoblog
髙橋未来虹,みくにん,#mikuniblog
森本茉莉,まりぃ,#marieblog
山口陽世,はるよちゃん,#haruyoblog
石塚瑶季,たまちゃん,#tamakiblog
小西夏菜実,こにしん,#nanamiblog
清水理央,りおちゃん,#rioblog
正源司陽子,よーこ,#yokoblog
竹内希来里,きらりん,#kirariblog
平尾帆夏,ひらほー,#hirahoblog
平岡海月,みっちゃん,#mitsukiblog
藤嶌果歩,かほりん,#kahoblog
宮地すみれ,すみれちゃん,#sumireblog
山下葉留花,はるはる,#haruharublog
渡辺莉奈,りなし,#rinablog